UG,PG
BSc Physics, MSc Physics
B.Tech Electrical, M.Tech Electrical
BSc Chemistry, MSc Chemistry
B.Architecture, M.Architecture
B.Tech Computer Science, M.Tech Computer Science
B.Com Economics, M.Com Economics
BSc Botany, MSc Botany
MBBS, MD Internal Medicine
B.Tech Mechanical, M.Tech Mechanical
B.Sc Zoology, M.Sc Zoology
BCA, MCA
BSc Computer Science,MCA
MCA, M.Tech Computer Science
B.Tech Civil, M.Tech Civil
BSc Mathematics, MSc Mathematics
B.Tech Aerospace, M.Tech Aerospace
B.Com Accounting, M.Com Accounting
BSc Microbiology, MSc Microbiology
B.Tech Chemical, M.Tech Chemical
B.Sc Geology, M.Sc Geology
BDS, MDS Oral Surgery
B.Tech Electronics, M.Tech Electronics
B.Sc Nursing, MSc Nursing
B.A English Literature, M.A English Literature
B.Tech Biotechnology, M.Tech Biotechnology
B.Com Finance, M.Com Finance
B.Pharm, M.Pharm Pharmaceutical Chemistry
B.Tech Industrial, M.Tech Industrial
B.A Psychology, M.A Psychology
BSc Environmental Science, MSc Environmental Science
B.Tech Information Technology, M.Tech Information Technology
B.Com Marketing, M.Com Marketing
BSc Genetics, MSc Genetics
MBBS, MS Orthopedics
B.Tech Civil, M.Tech Structural
B.Sc Computer Science, M.Sc Computer Science
B.A History, M.A History
B.Tech Mechanical, M.Tech Thermal
B.Com Human Resources, M.Com Human Resources
BSc Biochemistry, MSc Biochemistry
B.Tech Electrical, M.Tech Power Systems
B.A Sociology, M.A Sociology
B.Tech Computer Science, M.Tech Artificial Intelligence
B.Com International Business, M.Com International Business
BSc Marine Biology, MSc Marine Biology
B.Tech Aerospace, M.Tech Avionics
B.A Political Science, M.A Political Science
B.Tech Electronics, M.Tech VLSI Design
BSc Forensic Science, MSc Forensic Science
B.Tech Chemical, M.Tech Process Engineering
B.Com Entrepreneurship, M.Com Entrepreneurship
B.Physiotherapy, M.Physiotherapy Orthopedics
B.Tech Industrial, M.Tech Manufacturing
B.A Economics, M.A Economics
BSc Biotechnology, MSc Biotechnology
BDS, MDS Prosthodontics
B.Tech Environmental, M.Tech Environmental Engineering
B.Com Supply Chain Management, M.Com Supply Chain Management
B.Sc Astrophysics, MSc Astrophysics
B.Tech Information Technology, M.Tech Data Science
B.A Geography, M.A Geography
BSc Neuroscience, MSc Neuroscience
B.Tech Civil, M.Tech Environmental
B.Com Corporate Finance, M.Com Corporate Finance
B.Tech Robotics, M.Tech Robotics
BSc Chemistry, MSc Analytical Chemistry
B.Tech Mechanical, M.Tech Robotics
B.A Anthropology, M.A Anthropology
B.Tech Computer Science, M.Tech Cybersecurity
B.Com Business Analytics, M.Com Business Analytics
BSc Cell Biology, MSc Cell Biology
B.Tech Electrical, M.Tech Control Systems
B.A Linguistics, M.A Linguistics
BSc Astronomy, MSc Astronomy
B.Tech Aerospace, M.Tech Space Technology
B.Com Digital Marketing, M.Com Digital Marketing
BSc Marine Science, MSc Marine Science
B.Tech Electronics, M.Tech Embedded Systems
B.A Philosophy, M.A Philosophy
B.Tech Biomedical, M.Tech Biomedical Engineering
BSc Entomology, MSc Entomology
B.Tech Chemical, M.Tech Chemical Process Modeling
B.Com Business Law, M.Com Business Law
BSc Immunology, MSc Immunology
MBBS, MD Pediatrics
B.Tech Industrial, M.Tech Industrial Automation
B.A Fine Arts, M.A Fine Arts
B.Tech Computer Science, M.Tech Software Engineering
B.Com Operations Management, M.Com Operations Management
BSc Molecular Biology, MSc Molecular Biology
B.Tech Civil, M.Tech Geotechnical
B.A Archaeology, M.A Archaeology
B.Tech Mechanical, M.Tech Materials Science
B.Com Risk Management, M.Com Risk Management
B.Pharmacy, M.Pharmacy Pharmacology
B.Tech Environmental, M.Tech Water Resources
B.A Music, M.A Music
B.Tech Information Technology, M.Tech Cloud Computing
B.Com Project Management, M.Com Project Management
BSc Virology, MSc Virology
B.Tech Robotics, M.Tech Artificial Intelligence in Robotics
B.A Drama, M.A Drama
BSc Oceanography, MSc Oceanography
B.Tech Civil, M.Tech Transportation
B.Com International Finance, M.Com International Finance
BSc Evolutionary Biology, MSc Evolutionary Biology
B.Tech Electronics, M.Tech Signal Processing
B.A Dance, M.A Dance
B.Tech Biotechnology, M.Tech Genetic Engineering
B.Com Sustainability, M.Com Sustainability
BSc Marine Biology, MSc Marine Ecology
B.Tech Aerospace, M.Tech Aerodynamics
B.A Religion Studies, M.A Religion Studies
BSc Astrobiology, MSc Astrobiology
B.Tech Computer Science, M.Tech Machine Learning
B.Com Corporate Social Responsibility, M.Com Corporate Social Responsibility
BSc Genetics, MSc Genomics
BDS, MDS Periodontics
B.Tech Industrial, M.Tech Supply Chain Engineering
B.A Gender Studies, M.A Gender Studies
BSc Bioinformatics, MSc Bioinformatics
B.Tech Electrical, M.Tech Renewable Energy
B.Com Marketing Research, M.Com Marketing Research
BSc Wildlife Biology, MSc Wildlife Conservation
B.Tech Mechanical, M.Tech Fluid Dynamics
B.A Environmental Studies, M.A Environmental Studies
B.Tech Civil, M.Tech Structural Dynamics
BSc Marine Science, MSc Oceanography
B.Tech Information Technology, M.Tech Internet of Things
B.Com Financial Planning, M.Com Financial Planning
BSc Ecology, MSc Conservation Biology
B.Physical Therapy, M.Physical Therapy Orthopedics
B.Tech Aerospace, M.Tech Satellite Communication
B.A Cultural Studies, M.A Cultural Studies
BSc Paleontology, MSc Paleontology
B.Tech Computer Science, M.Tech Natural Language Processing
B.Com Corporate Governance, M.Com Corporate Governance
BSc Entomology, MSc Pest Management
B.Tech Biomedical, M.Tech Medical Devices
B.A Linguistics, M.A Applied Linguistics
BSc Biophysics, MSc Biophysics
B.Tech Chemical, M.Tech Polymer Engineering
B.Com Entrepreneurial Finance, M.Com Entrepreneurial Finance
BSc Microbiology, MSc Virology
B.Tech Industrial, M.Tech Operations Research
B.A International Relations, M.A International Relations
BSc Cell Biology, MSc Developmental Biology
B.Tech Environmental, M.Tech Environmental Management
B.Com Strategic Management, M.Com Strategic Management
BSc Parasitology, MSc Parasitology
BDS, MDS Oral Medicine
B.Tech Robotics, M.Tech Human-Robot Interaction
B.A Linguistics, M.A Computational Linguistics
BSc Biochemistry, MSc Structural Biology
B.Tech Civil, M.Tech Geoenvironmental
B.Com Marketing Communications, M.Com Marketing Communications
BSc Marine Biology, MSc Marine Genetics
B.Tech Electronics, M.Tech Telecommunications
B.A Archaeology, M.A Historical Archaeology
BSc Genetics, MSc Molecular Genetics
B.Tech Computer Science, M.Tech Information Security
B.Com Corporate Finance, M.Com Financial Analysis
BSc Microbiology, MSc Immunology
B.Tech Industrial, M.Tech Quality Engineering
B.A Political Science, M.A International Politics
BSc Biotechnology, MSc Stem Cell Biology
B.Tech Mechanical, M.Tech Mechatronics
B.Com Business Development, M.Com Business Development
BSc Zoology, MSc Entomology
B.Tech Chemical, M.Tech Corrosion Engineering
B.Pharmacy, M.Pharmacy Pharmaceutical Analysis
B.Tech Aerospace, M.Tech Rocket Propulsion
B.A Psychology, M.A Clinical Psychology
BSc Neuroscience, MSc Neurophysiology
B.Tech Electronics, M.Tech Integrated Circuits
B.Com Supply Chain Logistics, M.Com Supply Chain Logistics
BSc Marine Science, MSc Marine Conservation
B.Tech Environmental, M.Tech Pollution Control
B.A Music, M.A Musicology
BSc Environmental Science, MSc Environmental Management
B.Tech Information Technology, M.Tech Network Security
B.Com Financial Management, M.Com Financial Management
BSc Geology, MSc Petroleum Geology
B.Tech Industrial, M.Tech Reliability Engineering
B.A Sociology, M.A Criminology
BSc Genetics, MSc Population Genetics
B.Tech Computer Science, M.Tech Computer Vision
B.Com Retail Management, M.Com Retail Management
BSc Microbiology, MSc Medical Microbiology
B.Tech Civil, M.Tech Seismic Engineering
B.A Anthropology, M.A Social Anthropology
BSc Marine Biology, MSc Marine Pollution
B.Tech Electronics, M.Tech RF Engineering
B.Com Business Ethics, M.Com Business Ethics
BSc Evolutionary Biology, MSc Evolutionary Genetics
B.Tech Robotics, M.Tech Control Engineering
B.A Economics, M.A Development Economics
BSc Immunology, MSc Cellular Immunology
B.Tech Chemical, M.Tech Nanotechnology
B.Com International Marketing, M.Com International Marketing
B.Physical Therapy, M.Physical Therapy Neurology
B.Tech Aerospace, M.Tech Computational Fluid Dynamics
B.A History, M.A Public History
BSc Astrobiology, MSc Astrochemistry
B.Tech Computer Science, M.Tech Big Data Analytics
B.Com Financial Accounting, M.Com Financial Accounting
BSc Parasitology, MSc Tropical Medicine
BDS, MDS Pedodontics
B.Tech Industrial, M.Tech Industrial Management
B.A Gender Studies, M.A Women's Studies
BSc Bioinformatics, MSc Computational Biology
B.Tech Electrical, M.Tech High Voltage Engineering
B.Com Corporate Strategy, M.Com Corporate Strategy
BSc Wildlife Biology, MSc Conservation Ecology
B.Tech Mechanical, M.Tech Tribology
B.A Environmental Studies, M.A Environmental Policy
BSc Marine Science, MSc Marine Geology
B.Tech Information Technology, M.Tech Blockchain Technology
B.Com Business Economics, M.Com Business Economics
BSc Ecology, MSc Wildlife Management
B.Physical Therapy, M.Physical Therapy Orthopedic Rehabilitation
B.Tech Aerospace, M.Tech Computational Mechanics
B.A Cultural Studies, M.A Media Studies
BSc Paleontology, MSc Evolutionary Paleontology
B.Tech Computer Science, M.Tech Internet Security
B.Com Human Resource Management, M.Com Human Resource Management
BSc Entomology, MSc Insect Physiology
B.Tech Biomedical, M.Tech Rehabilitation Engineering
B.A Linguistics, M.A Linguistic Anthropology
BSc Biophysics, MSc Biomedical Physics
B.Tech Chemical, M.Tech Chemical Reaction Engineering
B.Com Entrepreneurial Studies, M.Com Entrepreneurial Studies
BSc Microbiology, MSc Microbial Genetics
B.Tech Industrial, M.Tech Operations Management
B.A International Relations, M.A Diplomacy
BSc Cell Biology, MSc Molecular Cell Biology
B.Tech Environmental, M.Tech Environmental Planning
B.Com Marketing Management, M.Com Marketing Management
BSc Parasitology, MSc Helminthology
BDS, MDS Oral Pathology
B.Tech Robotics, M.Tech Mechatronics
B.A Linguistics, M.A Psycholinguistics
BSc Biochemistry, MSc Enzymology
B.Tech Civil, M.Tech Structural Engineering
B.Com Corporate Finance, M.Com Financial Planning
BSc Marine Biology, MSc Marine Physiology
B.Tech Electronics, M.Tech Microwave Engineering
B.A Archaeology, M.A Prehistoric Archaeology
BSc Genetics, MSc Epigenetics
B.Tech Computer Science, M.Tech Information Retrieval
B.Com Sustainable Business, M.Com Sustainable Business
BSc Microbiology, MSc Medical Virology
B.Tech Industrial, M.Tech Supply Chain Optimization
B.A Political Science, M.A Political Theory
BSc Biotechnology, MSc Molecular Biotechnology
B.Tech Mechanical, M.Tech Acoustics
B.Com Business Analytics, M.Com Data Analytics
BSc Zoology, MSc Animal Behavior
B.Tech Chemical, M.Tech Petrochemical Engineering
B.Pharmacy, M.Pharmacy Pharmacognosy
B.Tech Aerospace, M.Tech Flight Dynamics
B.A Psychology, M.A Counseling Psychology
BSc Neuroscience, MSc Neuropsychology
B.Tech Electronics, M.Tech Semiconductor Devices
B.Com Retail Marketing, M.Com Retail Marketing
BSc Environmental Science, MSc Environmental Chemistry
B.Tech Information Technology, M.Tech Cyber Forensics
B.Com Financial Risk Management, M.Com Financial Risk Management
BSc Geology, MSc Economic Geology
B.Tech Industrial, M.Tech Six Sigma
B.A Sociology, M.A Social Work
BSc Genetics, MSc Behavioral Genetics
B.Tech Computer Science, M.Tech Natural Language Understanding
B.Com Corporate Governance, M.Com Corporate Ethics
BSc Microbiology, MSc Microbial Ecology
B.Tech Civil, M.Tech Construction Management
B.A Anthropology, M.A Archaeological Anthropology
BSc Marine Biology, MSc Marine Evolutionary Biology
B.Tech Electronics, M.Tech Photonics
B.Com Business Ethics, M.Com Corporate Responsibility
BSc Evolutionary Biology, MSc Evolutionary Ecology
B.Tech Robotics, M.Tech Robotic Vision
B.A Economics, M.A Economic Development
BSc Immunology, MSc Innate Immunology
B.Tech Chemical, M.Tech Materials Engineering
B.Com International Business Management, M.Com International Business Management
B.Physical Therapy, M.Physical Therapy Orthopedic Surgery
B.Tech Aerospace, M.Tech Aircraft Design
B.A History, M.A Cultural Heritage
BSc Astrobiology, MSc Exobiology
B.Tech Computer Science, M.Tech Internet of Everything
B.Com Financial Analysis, M.Com Financial Reporting
BSc Parasitology, MSc Entomology
BDS, MDS Oral Radiology
B.Tech Industrial, M.Tech Lean Manufacturing
B.A Gender Studies, M.A Gender Equality
BSc Bioinformatics, MSc Systems Biology
B.Tech Electrical, M.Tech Smart Grid
B.Com Corporate Strategy, M.Com Corporate Governance
BSc Wildlife Biology, MSc Conservation Genetics
B.Tech Mechanical, M.Tech Computational Fluid Dynamics
B.A Environmental Studies, M.A Environmental Science
BSc Marine Science, MSc Marine Pollution Control
B.Tech Information Technology, M.Tech Augmented Reality
B.Com Financial Management, M.Com Financial Markets
BSc Geology, MSc Hydrogeology
B.Tech Industrial, M.Tech Quality Assurance
B.A Sociology, M.A Social Policy
BSc Genetics, MSc Evolutionary Genomics
B.Tech Computer Science, M.Tech Robotics Process Automation
B.Com Marketing Research, M.Com Consumer Behavior
BSc Microbiology, MSc Medical Microbiology
B.Tech Civil, M.Tech Infrastructure Management
B.A International Relations, M.A Diplomatic Studies
BSc Cell Biology, MSc Cellular Development
B.Tech Environmental, M.Tech Environmental Monitoring
B.Com Strategic Management, M.Com Strategic Leadership
BSc Parasitology, MSc Protozoology
B.Tech Robotics, M.Tech Humanoid Robotics
B.A Linguistics, M.A Language Acquisition
BSc Biophysics, MSc Biomaterials
B.Tech Chemical, M.Tech Bioprocess Engineering
B.Com Entrepreneurial Studies, M.Com Startup Management
BSc Microbiology, MSc Microbial Pathogenesis
B.Tech Industrial, M.Tech Production Engineering
B.A International Relations, M.A Conflict Resolution
BSc Marine Biology, MSc Marine Conservation Biology
B.Tech Electronics, M.Tech Power Electronics
B.Com Retail Management, M.Com Retail Operations
BSc Environmental Science, MSc Environmental Impact Assessment
B.Tech Information Technology, M.Tech Mobile Computing
B.Com Financial Accounting, M.Com Auditing
BSc Geology, MSc Structural Geology
B.Tech Industrial, M.Tech Operations Optimization
B.A Sociology, M.A Social Justice
BSc Genetics, MSc Evolutionary Developmental Biology
B.Tech Computer Science, M.Tech Cloud Security
B.Com Human Resource Management, M.Com Talent Management
BSc Zoology, MSc Marine Biology
B.Tech Chemical, M.Tech Chemical Safety Engineering
B.Physical Therapy, M.Physical Therapy Sports Medicine
B.Tech Aerospace, M.Tech Space Exploration
B.A Psychology, M.A Experimental Psychology
BSc Neuroscience, MSc Cognitive Neuroscience
B.Tech Electronics, M.Tech Digital Signal Processing
B.Com Retail Marketing, M.Com Retail Sales
BSc Environmental Science, MSc Environmental Policy
B.Tech Information Technology, M.Tech Cyber Physical Systems
B.Com Financial Risk Management, M.Com Financial Modeling
BSc Geology, MSc Petroleum Exploration
B.Tech Industrial, M.Tech Product